participant,metric,metric_label,comparison,baseline_k,higher_k,baseline_hit_at_k,higher_hit_at_k,gap
P1,category,Category,1_to_3,1,3,0.5263157894736842,0.631578947368421,0.10526315789473684
P1,category,Category,1_to_10,1,10,0.5263157894736842,0.7368421052631579,0.21052631578947367
P1,target,Target,1_to_3,1,3,0.05263157894736842,0.15789473684210525,0.10526315789473684
P1,target,Target,1_to_10,1,10,0.05263157894736842,0.21052631578947367,0.15789473684210525
P1,combined,Category + Target,1_to_3,1,3,0.05263157894736842,0.10526315789473684,0.05263157894736842
P1,combined,Category + Target,1_to_10,1,10,0.05263157894736842,0.15789473684210525,0.10526315789473684
P1,matched_user_turn,Any-Turn Target,1_to_3,1,3,0.05263157894736842,0.15789473684210525,0.10526315789473684
P1,matched_user_turn,Any-Turn Target,1_to_10,1,10,0.05263157894736842,0.21052631578947367,0.15789473684210525
P2,category,Category,1_to_3,1,3,0.4827586206896552,0.5517241379310345,0.06896551724137928
P2,category,Category,1_to_10,1,10,0.4827586206896552,0.5517241379310345,0.06896551724137928
P2,target,Target,1_to_3,1,3,0.0,0.06896551724137931,0.06896551724137931
P2,target,Target,1_to_10,1,10,0.0,0.13793103448275862,0.13793103448275862
P2,combined,Category + Target,1_to_3,1,3,0.0,0.034482758620689655,0.034482758620689655
P2,combined,Category + Target,1_to_10,1,10,0.0,0.034482758620689655,0.034482758620689655
P2,matched_user_turn,Any-Turn Target,1_to_3,1,3,0.034482758620689655,0.10344827586206896,0.06896551724137931
P2,matched_user_turn,Any-Turn Target,1_to_10,1,10,0.034482758620689655,0.20689655172413793,0.1724137931034483
P3,category,Category,1_to_3,1,3,0.4166666666666667,0.7083333333333334,0.2916666666666667
P3,category,Category,1_to_10,1,10,0.4166666666666667,0.9583333333333334,0.5416666666666667
P3,target,Target,1_to_3,1,3,0.125,0.16666666666666666,0.04166666666666666
P3,target,Target,1_to_10,1,10,0.125,0.25,0.125
P3,combined,Category + Target,1_to_3,1,3,0.08333333333333333,0.08333333333333333,0.0
P3,combined,Category + Target,1_to_10,1,10,0.08333333333333333,0.16666666666666666,0.08333333333333333
P3,matched_user_turn,Any-Turn Target,1_to_3,1,3,0.125,0.16666666666666666,0.04166666666666666
P3,matched_user_turn,Any-Turn Target,1_to_10,1,10,0.125,0.2916666666666667,0.16666666666666669
P5,category,Category,1_to_3,1,3,0.4230769230769231,0.6538461538461539,0.23076923076923078
P5,category,Category,1_to_10,1,10,0.4230769230769231,0.7692307692307693,0.3461538461538462
P5,target,Target,1_to_3,1,3,0.07692307692307693,0.11538461538461539,0.038461538461538464
P5,target,Target,1_to_10,1,10,0.07692307692307693,0.19230769230769232,0.11538461538461539
P5,combined,Category + Target,1_to_3,1,3,0.07692307692307693,0.07692307692307693,0.0
P5,combined,Category + Target,1_to_10,1,10,0.07692307692307693,0.07692307692307693,0.0
P5,matched_user_turn,Any-Turn Target,1_to_3,1,3,0.07692307692307693,0.11538461538461539,0.038461538461538464
P5,matched_user_turn,Any-Turn Target,1_to_10,1,10,0.07692307692307693,0.19230769230769232,0.11538461538461539
P6,category,Category,1_to_3,1,3,0.39285714285714285,0.6785714285714286,0.28571428571428575
P6,category,Category,1_to_10,1,10,0.39285714285714285,0.8928571428571429,0.5
P6,target,Target,1_to_3,1,3,0.0,0.10714285714285714,0.10714285714285714
P6,target,Target,1_to_10,1,10,0.0,0.10714285714285714,0.10714285714285714
P6,combined,Category + Target,1_to_3,1,3,0.0,0.0,0.0
P6,combined,Category + Target,1_to_10,1,10,0.0,0.0,0.0
P6,matched_user_turn,Any-Turn Target,1_to_3,1,3,0.0,0.10714285714285714,0.10714285714285714
P6,matched_user_turn,Any-Turn Target,1_to_10,1,10,0.0,0.14285714285714285,0.14285714285714285
P7,category,Category,1_to_3,1,3,0.6818181818181818,0.8636363636363636,0.18181818181818188
P7,category,Category,1_to_10,1,10,0.6818181818181818,0.8636363636363636,0.18181818181818188
P7,target,Target,1_to_3,1,3,0.0,0.0,0.0
P7,target,Target,1_to_10,1,10,0.0,0.13636363636363635,0.13636363636363635
P7,combined,Category + Target,1_to_3,1,3,0.0,0.0,0.0
P7,combined,Category + Target,1_to_10,1,10,0.0,0.09090909090909091,0.09090909090909091
P7,matched_user_turn,Any-Turn Target,1_to_3,1,3,0.0,0.045454545454545456,0.045454545454545456
P7,matched_user_turn,Any-Turn Target,1_to_10,1,10,0.0,0.18181818181818182,0.18181818181818182
P8,category,Category,1_to_3,1,3,0.6,0.9,0.30000000000000004
P8,category,Category,1_to_10,1,10,0.6,1.0,0.4
P8,target,Target,1_to_3,1,3,0.0,0.1,0.1
P8,target,Target,1_to_10,1,10,0.0,0.1,0.1
P8,combined,Category + Target,1_to_3,1,3,0.0,0.1,0.1
P8,combined,Category + Target,1_to_10,1,10,0.0,0.1,0.1
P8,matched_user_turn,Any-Turn Target,1_to_3,1,3,0.0,0.1,0.1
P8,matched_user_turn,Any-Turn Target,1_to_10,1,10,0.0,0.1,0.1
P9,category,Category,1_to_3,1,3,0.5714285714285714,0.8095238095238095,0.23809523809523814
P9,category,Category,1_to_10,1,10,0.5714285714285714,0.9523809523809523,0.38095238095238093
P9,target,Target,1_to_3,1,3,0.09523809523809523,0.09523809523809523,0.0
P9,target,Target,1_to_10,1,10,0.09523809523809523,0.09523809523809523,0.0
P9,combined,Category + Target,1_to_3,1,3,0.09523809523809523,0.09523809523809523,0.0
P9,combined,Category + Target,1_to_10,1,10,0.09523809523809523,0.09523809523809523,0.0
P9,matched_user_turn,Any-Turn Target,1_to_3,1,3,0.19047619047619047,0.19047619047619047,0.0
P9,matched_user_turn,Any-Turn Target,1_to_10,1,10,0.19047619047619047,0.2857142857142857,0.09523809523809523
P10,category,Category,1_to_3,1,3,0.6136363636363636,0.8181818181818182,0.20454545454545459
P10,category,Category,1_to_10,1,10,0.6136363636363636,0.9545454545454546,0.34090909090909094
P10,target,Target,1_to_3,1,3,0.045454545454545456,0.06818181818181818,0.02272727272727272
P10,target,Target,1_to_10,1,10,0.045454545454545456,0.1590909090909091,0.11363636363636363
P10,combined,Category + Target,1_to_3,1,3,0.045454545454545456,0.045454545454545456,0.0
P10,combined,Category + Target,1_to_10,1,10,0.045454545454545456,0.11363636363636363,0.06818181818181818
P10,matched_user_turn,Any-Turn Target,1_to_3,1,3,0.045454545454545456,0.09090909090909091,0.045454545454545456
P10,matched_user_turn,Any-Turn Target,1_to_10,1,10,0.045454545454545456,0.22727272727272727,0.18181818181818182
P11,category,Category,1_to_3,1,3,0.47058823529411764,0.8823529411764706,0.4117647058823529
P11,category,Category,1_to_10,1,10,0.47058823529411764,0.9705882352941176,0.5
P11,target,Target,1_to_3,1,3,0.058823529411764705,0.058823529411764705,0.0
P11,target,Target,1_to_10,1,10,0.058823529411764705,0.11764705882352941,0.058823529411764705
P11,combined,Category + Target,1_to_3,1,3,0.058823529411764705,0.058823529411764705,0.0
P11,combined,Category + Target,1_to_10,1,10,0.058823529411764705,0.11764705882352941,0.058823529411764705
P11,matched_user_turn,Any-Turn Target,1_to_3,1,3,0.11764705882352941,0.14705882352941177,0.02941176470588236
P11,matched_user_turn,Any-Turn Target,1_to_10,1,10,0.11764705882352941,0.20588235294117646,0.08823529411764705
